{"Training score": 0.9837564504634254, "MAE": 2651.9482718116674, "RMSE": 25719231.233496103, "Test R2_score": 0.7405373074526798}