{"Training score": 0.9739871420983937, "MAE": 2676.5097999022546, "RMSE": 21348795.29748551, "Test R2_score": 0.8586567650157985}