{"Training score": 0.9740752083333617, "MAE": 2671.6763261032334, "RMSE": 21383842.34847529, "Test R2_score": 0.8584247302103434}